30;4;2021;13;40;1;3903780;1324560;33;8;192.168.1.20,192.168.1.21,192.168.1.22,192.168.1.23,192.168.1.24,192.168.1.26,192.168.1.28,192.168.1.30
30;4;2021;13;41;1;3903780;1325312;33;8;192.168.1.20,192.168.1.21,192.168.1.22,192.168.1.23,192.168.1.24,192.168.1.26,192.168.1.28,192.168.1.30
30;4;2021;13;42;1;3903780;1325544;33;7;192.168.1.20,192.168.1.21,192.168.1.22,192.168.1.23,192.168.1.24,192.168.1.26,192.168.1.28
30;4;2021;13;43;1;3903780;1334064;34;7;192.168.1.21,192.168.1.22,192.168.1.23,192.168.1.24,192.168.1.26,192.168.1.28,192.168.1.30
30;4;2021;13;44;1;3903780;1304276;33;8;192.168.1.20,192.168.1.21,192.168.1.22,192.168.1.23,192.168.1.24,192.168.1.26,192.168.1.28,192.168.1.30
30;4;2021;13;45;1;3903780;1287592;32;6;192.168.1.20,192.168.1.21,192.168.1.23,192.168.1.24,192.168.1.26,192.168.1.30
30;4;2021;13;46;1;3903780;1287208;32;7;192.168.1.20,192.168.1.21,192.168.1.22,192.168.1.23,192.168.1.24,192.168.1.26,192.168.1.28
30;4;2021;13;47;1;3903780;1289792;33;8;192.168.1.20,192.168.1.21,192.168.1.22,192.168.1.23,192.168.1.24,192.168.1.26,192.168.1.28,192.168.1.30
30;4;2021;13;48;1;3903780;1297284;33;7;192.168.1.20,192.168.1.22,192.168.1.23,192.168.1.24,192.168.1.26,192.168.1.28,192.168.1.30
30;4;2021;13;49;1;3903780;1303436;33;8;192.168.1.20,192.168.1.21,192.168.1.22,192.168.1.23,192.168.1.24,192.168.1.26,192.168.1.28,192.168.1.30
30;4;2021;13;50;1;3903780;1302740;33;7;192.168.1.21,192.168.1.22,192.168.1.23,192.168.1.24,192.168.1.26,192.168.1.28,192.168.1.30
30;4;2021;13;51;1;3903780;1306288;33;8;192.168.1.20,192.168.1.21,192.168.1.22,192.168.1.23,192.168.1.24,192.168.1.26,192.168.1.28,192.168.1.30
30;4;2021;13;52;1;3903780;1309088;33;8;192.168.1.20,192.168.1.21,192.168.1.22,192.168.1.23,192.168.1.24,192.168.1.26,192.168.1.28,192.168.1.30
30;4;2021;13;53;1;3903780;1310864;33;8;192.168.1.20,192.168.1.21,192.168.1.22,192.168.1.23,192.168.1.24,192.168.1.26,192.168.1.28,192.168.1.30
30;4;2021;13;54;1;3903780;1316768;33;7;192.168.1.20,192.168.1.21,192.168.1.22,192.168.1.24,192.168.1.26,192.168.1.28,192.168.1.30
30;4;2021;13;55;1;3903780;1320196;33;7;192.168.1.20,192.168.1.21,192.168.1.22,192.168.1.24,192.168.1.26,192.168.1.28,192.168.1.30
30;4;2021;13;56;1;3903780;1331980;34;7;192.168.1.20,192.168.1.21,192.168.1.22,192.168.1.24,192.168.1.26,192.168.1.28,192.168.1.30
30;4;2021;13;57;1;3903780;1336756;34;5;192.168.1.21,192.168.1.22,192.168.1.24,192.168.1.26,192.168.1.30
30;4;2021;13;58;1;3903780;1351976;34;8;192.168.1.20,192.168.1.21,192.168.1.22,192.168.1.23,192.168.1.24,192.168.1.26,192.168.1.28,192.168.1.30
30;4;2021;13;59;1;3903780;1355192;34;8;192.168.1.20,192.168.1.21,192.168.1.22,192.168.1.23,192.168.1.24,192.168.1.26,192.168.1.28,192.168.1.30
30;4;2021;14;0;1;3903780;1361304;34;8;192.168.1.20,192.168.1.21,192.168.1.22,192.168.1.23,192.168.1.24,192.168.1.26,192.168.1.28,192.168.1.30
30;4;2021;14;1;1;3903780;1383424;35;8;192.168.1.20,192.168.1.21,192.168.1.22,192.168.1.23,192.168.1.24,192.168.1.26,192.168.1.28,192.168.1.30
30;4;2021;14;2;1;3903780;1380736;35;7;192.168.1.20,192.168.1.21,192.168.1.23,192.168.1.24,192.168.1.26,192.168.1.28,192.168.1.30
30;4;2021;14;3;1;3903780;1341424;34;8;192.168.1.20,192.168.1.21,192.168.1.22,192.168.1.23,192.168.1.24,192.168.1.26,192.168.1.28,192.168.1.30
30;4;2021;14;4;1;3903780;1340520;34;8;192.168.1.20,192.168.1.21,192.168.1.22,192.168.1.23,192.168.1.24,192.168.1.26,192.168.1.28,192.168.1.30
30;4;2021;14;5;1;3903780;1341688;34;8;192.168.1.20,192.168.1.21,192.168.1.22,192.168.1.23,192.168.1.24,192.168.1.26,192.168.1.28,192.168.1.30
30;4;2021;14;6;1;3903780;1323588;33;7;192.168.1.21,192.168.1.22,192.168.1.23,192.168.1.24,192.168.1.26,192.168.1.28,192.168.1.30
30;4;2021;14;7;1;3903780;1291160;33;8;192.168.1.20,192.168.1.21,192.168.1.22,192.168.1.23,192.168.1.24,192.168.1.26,192.168.1.28,192.168.1.30
30;4;2021;14;8;1;3903780;1290640;33;8;192.168.1.20,192.168.1.21,192.168.1.22,192.168.1.23,192.168.1.24,192.168.1.26,192.168.1.28,192.168.1.30
30;4;2021;14;9;1;3903780;1296228;33;8;192.168.1.20,192.168.1.21,192.168.1.22,192.168.1.23,192.168.1.24,192.168.1.26,192.168.1.28,192.168.1.30
30;4;2021;14;10;1;3903780;1299496;33;8;192.168.1.20,192.168.1.21,192.168.1.22,192.168.1.23,192.168.1.24,192.168.1.26,192.168.1.28,192.168.1.30
30;4;2021;14;11;1;3903780;1299420;33;8;192.168.1.20,192.168.1.21,192.168.1.22,192.168.1.23,192.168.1.24,192.168.1.26,192.168.1.28,192.168.1.30
30;4;2021;14;12;1;3903780;1299792;33;8;192.168.1.20,192.168.1.21,192.168.1.22,192.168.1.23,192.168.1.24,192.168.1.26,192.168.1.28,192.168.1.30
30;4;2021;14;13;1;3903780;1391696;35;6;192.168.1.21,192.168.1.22,192.168.1.24,192.168.1.26,192.168.1.28,192.168.1.30
30;4;2021;14;14;1;3903780;1743140;44;7;192.168.1.20,192.168.1.21,192.168.1.22,192.168.1.23,192.168.1.24,192.168.1.26,192.168.1.28
30;4;2021;14;15;1;3903780;1713304;43;7;192.168.1.20,192.168.1.21,192.168.1.22,192.168.1.23,192.168.1.24,192.168.1.26,192.168.1.28
30;4;2021;14;16;1;3903780;1722960;44;6;192.168.1.20,192.168.1.21,192.168.1.22,192.168.1.24,192.168.1.26,192.168.1.28
30;4;2021;14;17;1;3903780;1726720;44;6;192.168.1.20,192.168.1.21,192.168.1.22,192.168.1.24,192.168.1.26,192.168.1.28
30;4;2021;14;18;1;3903780;1812312;46;5;192.168.1.21,192.168.1.22,192.168.1.24,192.168.1.26,192.168.1.28
30;4;2021;14;19;1;3903780;1909436;48;6;192.168.1.20,192.168.1.21,192.168.1.22,192.168.1.24,192.168.1.26,192.168.1.28
30;4;2021;14;20;1;3903780;1884852;48;5;192.168.1.20,192.168.1.22,192.168.1.24,192.168.1.26,192.168.1.28
30;4;2021;14;21;1;3903780;1940860;49;6;192.168.1.20,192.168.1.22,192.168.1.23,192.168.1.24,192.168.1.26,192.168.1.28
30;4;2021;14;22;1;3903780;1954764;50;6;192.168.1.20,192.168.1.21,192.168.1.22,192.168.1.24,192.168.1.26,192.168.1.28
30;4;2021;14;23;1;3903780;1925328;49;6;192.168.1.20,192.168.1.21,192.168.1.22,192.168.1.24,192.168.1.26,192.168.1.28
30;4;2021;14;24;1;3903780;1988028;50;6;192.168.1.20,192.168.1.21,192.168.1.22,192.168.1.24,192.168.1.26,192.168.1.28
30;4;2021;14;25;1;3903780;1920764;49;6;192.168.1.20,192.168.1.21,192.168.1.22,192.168.1.24,192.168.1.26,192.168.1.28
30;4;2021;14;26;1;3903780;1940032;49;6;192.168.1.20,192.168.1.21,192.168.1.22,192.168.1.24,192.168.1.26,192.168.1.28
30;4;2021;14;27;1;3903780;1815332;46;7;192.168.1.20,192.168.1.21,192.168.1.22,192.168.1.23,192.168.1.24,192.168.1.26,192.168.1.28
30;4;2021;14;28;1;3903780;1828372;46;7;192.168.1.20,192.168.1.21,192.168.1.22,192.168.1.23,192.168.1.24,192.168.1.26,192.168.1.28
30;4;2021;14;29;1;3903780;1862800;47;7;192.168.1.20,192.168.1.21,192.168.1.22,192.168.1.23,192.168.1.24,192.168.1.26,192.168.1.28
30;4;2021;14;30;1;3903780;1885596;48;7;192.168.1.20,192.168.1.21,192.168.1.22,192.168.1.23,192.168.1.24,192.168.1.26,192.168.1.28
30;4;2021;14;31;1;3903780;1904080;48;7;192.168.1.20,192.168.1.21,192.168.1.22,192.168.1.23,192.168.1.24,192.168.1.26,192.168.1.28
30;4;2021;14;32;1;3903780;1926216;49;7;192.168.1.20,192.168.1.21,192.168.1.22,192.168.1.23,192.168.1.24,192.168.1.26,192.168.1.28
30;4;2021;14;33;1;3903780;1827788;46;7;192.168.1.20,192.168.1.21,192.168.1.22,192.168.1.23,192.168.1.24,192.168.1.26,192.168.1.28
30;4;2021;14;34;1;3903780;1839124;47;6;192.168.1.20,192.168.1.21,192.168.1.22,192.168.1.23,192.168.1.24,192.168.1.26
30;4;2021;14;35;1;3903780;1872496;47;6;192.168.1.20,192.168.1.21,192.168.1.22,192.168.1.23,192.168.1.24,192.168.1.26
30;4;2021;14;36;1;3903780;1923160;49;2;192.168.1.24,192.168.1.26
30;4;2021;14;37;1;3903780;1871948;47;6;192.168.1.20,192.168.1.21,192.168.1.22,192.168.1.23,192.168.1.24,192.168.1.26
30;4;2021;14;38;1;3903780;1901140;48;6;192.168.1.20,192.168.1.21,192.168.1.22,192.168.1.23,192.168.1.24,192.168.1.26
30;4;2021;14;39;1;3903780;1842100;47;7;192.168.1.20,192.168.1.21,192.168.1.22,192.168.1.23,192.168.1.24,192.168.1.26,192.168.1.28
30;4;2021;14;40;1;3903780;1989364;50;6;192.168.1.20,192.168.1.21,192.168.1.22,192.168.1.23,192.168.1.24,192.168.1.26
30;4;2021;14;41;1;3903780;2017636;51;6;192.168.1.20,192.168.1.21,192.168.1.22,192.168.1.23,192.168.1.24,192.168.1.26
30;4;2021;14;42;1;3903780;2038396;52;6;192.168.1.20,192.168.1.21,192.168.1.22,192.168.1.23,192.168.1.24,192.168.1.26
30;4;2021;14;43;1;3903780;2101300;53;6;192.168.1.20,192.168.1.21,192.168.1.22,192.168.1.23,192.168.1.24,192.168.1.26
30;4;2021;14;44;1;3903780;2067220;52;6;192.168.1.20,192.168.1.21,192.168.1.22,192.168.1.23,192.168.1.24,192.168.1.26
30;4;2021;14;45;1;3903780;2038460;52;5;192.168.1.22,192.168.1.23,192.168.1.24,192.168.1.26,192.168.1.30
30;4;2021;14;46;1;3903780;1992408;51;7;192.168.1.20,192.168.1.21,192.168.1.22,192.168.1.23,192.168.1.24,192.168.1.26,192.168.1.30
30;4;2021;14;47;1;3903780;2107044;53;7;192.168.1.20,192.168.1.21,192.168.1.22,192.168.1.23,192.168.1.24,192.168.1.26,192.168.1.30
30;4;2021;14;48;1;3903780;2123868;54;7;192.168.1.20,192.168.1.21,192.168.1.22,192.168.1.23,192.168.1.24,192.168.1.26,192.168.1.30
30;4;2021;14;49;1;3903780;2176896;55;8;192.168.1.20,192.168.1.21,192.168.1.22,192.168.1.23,192.168.1.24,192.168.1.26,192.168.1.28,192.168.1.30
30;4;2021;14;50;1;3903780;2157444;55;7;192.168.1.20,192.168.1.21,192.168.1.22,192.168.1.23,192.168.1.24,192.168.1.26,192.168.1.28
30;4;2021;14;51;1;3903780;2161024;55;8;192.168.1.20,192.168.1.22,192.168.1.23,192.168.1.24,192.168.1.26,192.168.1.27,192.168.1.28,192.168.1.30
30;4;2021;14;52;1;3903780;2186840;56;9;192.168.1.20,192.168.1.21,192.168.1.22,192.168.1.23,192.168.1.24,192.168.1.26,192.168.1.27,192.168.1.28,192.168.1.30
30;4;2021;14;53;1;3903780;2087644;53;9;192.168.1.20,192.168.1.21,192.168.1.22,192.168.1.23,192.168.1.24,192.168.1.26,192.168.1.27,192.168.1.28,192.168.1.30
30;4;2021;14;54;1;3903780;2157888;55;1;192.168.1.26
30;4;2021;14;55;1;3903780;2103212;53;1;192.168.1.26
30;4;2021;14;56;1;3903780;2244820;57;1;192.168.1.26
30;4;2021;14;57;1;3903780;1935116;49;1;192.168.1.26
30;4;2021;14;58;1;3903780;1927572;49;1;192.168.1.26
30;4;2021;14;59;1;3903780;1930656;49;8;192.168.1.20,192.168.1.21,192.168.1.22,192.168.1.23,192.168.1.24,192.168.1.26,192.168.1.27,192.168.1.28
30;4;2021;15;0;1;3903780;1931728;49;8;192.168.1.20,192.168.1.21,192.168.1.22,192.168.1.23,192.168.1.24,192.168.1.26,192.168.1.27,192.168.1.28
30;4;2021;15;1;1;3903780;1937808;49;7;192.168.1.20,192.168.1.21,192.168.1.22,192.168.1.23,192.168.1.24,192.168.1.26,192.168.1.28
30;4;2021;15;2;1;3903780;1791264;45;6;192.168.1.20,192.168.1.22,192.168.1.23,192.168.1.24,192.168.1.26,192.168.1.28
30;4;2021;15;3;1;3903780;1791456;45;7;192.168.1.20,192.168.1.21,192.168.1.22,192.168.1.23,192.168.1.24,192.168.1.26,192.168.1.28
30;4;2021;15;4;1;3903780;1796316;46;7;192.168.1.20,192.168.1.21,192.168.1.22,192.168.1.23,192.168.1.24,192.168.1.26,192.168.1.28
30;4;2021;15;5;1;3903780;1798324;46;6;192.168.1.20,192.168.1.22,192.168.1.23,192.168.1.24,192.168.1.26,192.168.1.28
30;4;2021;15;6;1;3903780;1796432;46;5;192.168.1.20,192.168.1.22,192.168.1.24,192.168.1.26,192.168.1.28
30;4;2021;15;7;1;3903780;1795976;46;6;192.168.1.20,192.168.1.21,192.168.1.22,192.168.1.24,192.168.1.26,192.168.1.28
30;4;2021;15;8;1;3903780;1803940;46;5;192.168.1.20,192.168.1.22,192.168.1.24,192.168.1.26,192.168.1.28
30;4;2021;15;9;1;3903780;1809752;46;4;192.168.1.22,192.168.1.24,192.168.1.26,192.168.1.28
30;4;2021;15;10;1;3903780;1809728;46;5;192.168.1.20,192.168.1.22,192.168.1.24,192.168.1.26,192.168.1.28
30;4;2021;15;11;1;3903780;1807924;46;6;192.168.1.20,192.168.1.21,192.168.1.22,192.168.1.23,192.168.1.24,192.168.1.26
30;4;2021;15;12;1;3903780;1815484;46;5;192.168.1.20,192.168.1.21,192.168.1.22,192.168.1.24,192.168.1.26
30;4;2021;15;13;1;3903780;1821580;46;4;192.168.1.20,192.168.1.22,192.168.1.24,192.168.1.26
30;4;2021;15;14;1;3903780;1812948;46;5;192.168.1.20,192.168.1.21,192.168.1.22,192.168.1.24,192.168.1.26
30;4;2021;15;15;1;3903780;1874736;48;5;192.168.1.20,192.168.1.21,192.168.1.22,192.168.1.24,192.168.1.26
30;4;2021;15;16;1;3903780;1824580;46;5;192.168.1.21,192.168.1.22,192.168.1.24,192.168.1.26,192.168.1.28
30;4;2021;15;17;1;3903780;1946344;49;4;192.168.1.21,192.168.1.22,192.168.1.24,192.168.1.26
30;4;2021;15;18;1;3903780;1913976;49;4;192.168.1.22,192.168.1.24,192.168.1.26,192.168.1.28
30;4;2021;15;19;1;3903780;1904832;48;5;192.168.1.21,192.168.1.22,192.168.1.24,192.168.1.26,192.168.1.28
30;4;2021;15;20;1;3903780;1932868;49;5;192.168.1.21,192.168.1.22,192.168.1.24,192.168.1.26,192.168.1.28
30;4;2021;15;21;1;3903780;2045160;52;5;192.168.1.21,192.168.1.22,192.168.1.24,192.168.1.26,192.168.1.28
30;4;2021;15;22;1;3903780;1982448;50;5;192.168.1.21,192.168.1.22,192.168.1.24,192.168.1.26,192.168.1.28
30;4;2021;15;23;1;3903780;1979980;50;5;192.168.1.21,192.168.1.22,192.168.1.24,192.168.1.26,192.168.1.28
30;4;2021;15;24;1;3903780;2050880;52;4;192.168.1.22,192.168.1.24,192.168.1.26,192.168.1.28
30;4;2021;15;25;1;3903780;2069884;53;5;192.168.1.21,192.168.1.22,192.168.1.24,192.168.1.26,192.168.1.28
30;4;2021;15;26;1;3903780;2069296;53;4;192.168.1.22,192.168.1.24,192.168.1.26,192.168.1.28
30;4;2021;15;27;1;3903780;2059488;52;5;192.168.1.21,192.168.1.22,192.168.1.24,192.168.1.26,192.168.1.28
30;4;2021;15;28;1;3903780;2057156;52;4;192.168.1.21,192.168.1.24,192.168.1.26,192.168.1.28
30;4;2021;15;29;1;3903780;2061504;52;4;192.168.1.22,192.168.1.24,192.168.1.26,192.168.1.28
30;4;2021;15;30;1;3903780;2069292;53;5;192.168.1.21,192.168.1.22,192.168.1.24,192.168.1.26,192.168.1.28
30;4;2021;15;31;1;3903780;2042456;52;5;192.168.1.21,192.168.1.22,192.168.1.24,192.168.1.26,192.168.1.28
30;4;2021;15;32;1;3903780;1976824;50;5;192.168.1.21,192.168.1.22,192.168.1.24,192.168.1.26,192.168.1.28
30;4;2021;15;33;1;3903780;1975668;50;5;192.168.1.21,192.168.1.22,192.168.1.24,192.168.1.26,192.168.1.28
30;4;2021;15;34;1;3903780;1977304;50;5;192.168.1.21,192.168.1.22,192.168.1.24,192.168.1.26,192.168.1.28
30;4;2021;15;35;1;3903780;1973524;50;5;192.168.1.21,192.168.1.22,192.168.1.24,192.168.1.26,192.168.1.28
30;4;2021;15;36;1;3903780;1976024;50;4;192.168.1.22,192.168.1.24,192.168.1.26,192.168.1.28
30;4;2021;15;37;1;3903780;1977496;50;4;192.168.1.21,192.168.1.24,192.168.1.26,192.168.1.28
30;4;2021;15;38;1;3903780;1976868;50;5;192.168.1.21,192.168.1.22,192.168.1.24,192.168.1.26,192.168.1.28
30;4;2021;15;39;1;3903780;1980684;50;5;192.168.1.21,192.168.1.22,192.168.1.24,192.168.1.26,192.168.1.28
30;4;2021;15;40;1;3903780;1980996;50;4;192.168.1.22,192.168.1.24,192.168.1.26,192.168.1.28
30;4;2021;15;41;1;3903780;1984032;50;4;192.168.1.22,192.168.1.24,192.168.1.26,192.168.1.28
30;4;2021;15;42;1;3903780;1985296;50;5;192.168.1.21,192.168.1.22,192.168.1.24,192.168.1.26,192.168.1.28
30;4;2021;15;43;1;3903780;1988060;50;5;192.168.1.21,192.168.1.22,192.168.1.24,192.168.1.26,192.168.1.28
30;4;2021;15;44;1;3903780;1996012;51;5;192.168.1.21,192.168.1.22,192.168.1.24,192.168.1.26,192.168.1.28
30;4;2021;15;45;1;3903780;1996180;51;5;192.168.1.21,192.168.1.22,192.168.1.24,192.168.1.26,192.168.1.28
30;4;2021;15;46;1;3903780;2001356;51;5;192.168.1.21,192.168.1.22,192.168.1.24,192.168.1.26,192.168.1.28
30;4;2021;15;47;1;3903780;2016968;51;5;192.168.1.21,192.168.1.22,192.168.1.24,192.168.1.26,192.168.1.28
30;4;2021;15;48;1;3903780;2013884;51;4;192.168.1.22,192.168.1.24,192.168.1.26,192.168.1.28
30;4;2021;15;49;1;3903780;2017632;51;5;192.168.1.21,192.168.1.22,192.168.1.24,192.168.1.26,192.168.1.28
30;4;2021;15;50;1;3903780;2017856;51;4;192.168.1.22,192.168.1.24,192.168.1.26,192.168.1.28
30;4;2021;15;51;1;3903780;2018920;51;5;192.168.1.21,192.168.1.22,192.168.1.24,192.168.1.26,192.168.1.28
30;4;2021;15;52;1;3903780;2019388;51;5;192.168.1.21,192.168.1.22,192.168.1.24,192.168.1.26,192.168.1.28
30;4;2021;15;53;1;3903780;2015300;51;4;192.168.1.22,192.168.1.24,192.168.1.26,192.168.1.28
30;4;2021;15;54;1;3903780;2019772;51;5;192.168.1.21,192.168.1.22,192.168.1.24,192.168.1.26,192.168.1.28
30;4;2021;15;55;1;3903780;2018852;51;5;192.168.1.21,192.168.1.22,192.168.1.24,192.168.1.26,192.168.1.28
30;4;2021;15;56;1;3903780;2025020;51;3;192.168.1.22,192.168.1.24,192.168.1.26
30;4;2021;15;57;1;3903780;2025268;51;5;192.168.1.21,192.168.1.22,192.168.1.24,192.168.1.26,192.168.1.28
30;4;2021;15;58;1;3903780;2026220;51;5;192.168.1.21,192.168.1.22,192.168.1.24,192.168.1.26,192.168.1.28
30;4;2021;15;59;1;3903780;2031640;52;4;192.168.1.21,192.168.1.22,192.168.1.24,192.168.1.26
30;4;2021;16;0;1;3903780;2034060;52;5;192.168.1.21,192.168.1.22,192.168.1.24,192.168.1.26,192.168.1.28
30;4;2021;16;1;1;3903780;2033968;52;3;192.168.1.22,192.168.1.24,192.168.1.26
30;4;2021;16;2;1;3903780;2032420;52;5;192.168.1.21,192.168.1.22,192.168.1.24,192.168.1.26,192.168.1.28
30;4;2021;16;3;1;3903780;2033700;52;5;192.168.1.21,192.168.1.22,192.168.1.24,192.168.1.26,192.168.1.28
30;4;2021;16;4;1;3903780;2059344;52;5;192.168.1.21,192.168.1.22,192.168.1.24,192.168.1.26,192.168.1.28
30;4;2021;16;5;1;3903780;2054476;52;5;192.168.1.21,192.168.1.22,192.168.1.24,192.168.1.26,192.168.1.28
30;4;2021;16;6;1;3903780;2054360;52;4;192.168.1.22,192.168.1.24,192.168.1.26,192.168.1.28
30;4;2021;16;7;1;3903780;2057048;52;5;192.168.1.21,192.168.1.22,192.168.1.24,192.168.1.26,192.168.1.28
30;4;2021;16;8;1;3903780;2055748;52;5;192.168.1.21,192.168.1.22,192.168.1.24,192.168.1.26,192.168.1.28
30;4;2021;16;9;1;3903780;2055760;52;5;192.168.1.21,192.168.1.22,192.168.1.24,192.168.1.26,192.168.1.28
30;4;2021;16;10;1;3903780;2057784;52;5;192.168.1.21,192.168.1.22,192.168.1.24,192.168.1.26,192.168.1.28
30;4;2021;16;11;1;3903780;2057184;52;5;192.168.1.21,192.168.1.22,192.168.1.24,192.168.1.26,192.168.1.28
30;4;2021;16;12;1;3903780;2057612;52;5;192.168.1.21,192.168.1.22,192.168.1.24,192.168.1.26,192.168.1.28
30;4;2021;16;13;1;3903780;2059824;52;5;192.168.1.21,192.168.1.22,192.168.1.24,192.168.1.26,192.168.1.28
30;4;2021;16;14;1;3903780;2057972;52;4;192.168.1.22,192.168.1.24,192.168.1.26,192.168.1.28
30;4;2021;16;15;1;3903780;2059780;52;4;192.168.1.22,192.168.1.24,192.168.1.26,192.168.1.28
30;4;2021;16;16;1;3903780;2041700;52;5;192.168.1.21,192.168.1.22,192.168.1.24,192.168.1.26,192.168.1.28
30;4;2021;16;17;1;3903780;2043116;52;1;192.168.1.26
30;4;2021;16;18;1;3903780;2044340;52;4;192.168.1.22,192.168.1.24,192.168.1.26,192.168.1.28
30;4;2021;16;19;1;3903780;2049132;52;3;192.168.1.24,192.168.1.26,192.168.1.28
30;4;2021;16;20;1;3903780;2051504;52;5;192.168.1.21,192.168.1.22,192.168.1.24,192.168.1.26,192.168.1.28
30;4;2021;16;21;1;3903780;2056260;52;4;192.168.1.22,192.168.1.24,192.168.1.26,192.168.1.28
30;4;2021;16;22;1;3903780;2056392;52;5;192.168.1.21,192.168.1.22,192.168.1.24,192.168.1.26,192.168.1.28
30;4;2021;16;23;1;3903780;2055780;52;5;192.168.1.21,192.168.1.22,192.168.1.24,192.168.1.26,192.168.1.28
30;4;2021;16;24;1;3903780;2063328;52;1;192.168.1.26
30;4;2021;16;25;1;3903780;2062964;52;4;192.168.1.21,192.168.1.22,192.168.1.24,192.168.1.26
30;4;2021;16;26;1;3903780;2066488;52;4;192.168.1.21,192.168.1.22,192.168.1.24,192.168.1.26
30;4;2021;16;27;1;3903780;2066088;52;4;192.168.1.22,192.168.1.24,192.168.1.26,192.168.1.28
30;4;2021;16;28;1;3903780;2066964;52;5;192.168.1.21,192.168.1.22,192.168.1.24,192.168.1.26,192.168.1.28
30;4;2021;16;29;1;3903780;2081212;53;4;192.168.1.21,192.168.1.22,192.168.1.26,192.168.1.28
30;4;2021;16;30;1;3903780;2075456;53;4;192.168.1.21,192.168.1.22,192.168.1.26,192.168.1.28
30;4;2021;16;31;1;3903780;2078348;53;3;192.168.1.21,192.168.1.22,192.168.1.26
30;4;2021;16;32;1;3903780;2076100;53;4;192.168.1.21,192.168.1.22,192.168.1.26,192.168.1.28
30;4;2021;16;33;1;3903780;2072300;53;4;192.168.1.21,192.168.1.22,192.168.1.26,192.168.1.28
30;4;2021;16;34;1;3903780;2072248;53;4;192.168.1.21,192.168.1.22,192.168.1.26,192.168.1.28
30;4;2021;16;35;1;3903780;2071776;53;4;192.168.1.21,192.168.1.22,192.168.1.26,192.168.1.28
30;4;2021;16;36;1;3903780;2072692;53;5;192.168.1.20,192.168.1.21,192.168.1.22,192.168.1.26,192.168.1.28
30;4;2021;16;37;1;3903780;2073564;53;5;192.168.1.20,192.168.1.21,192.168.1.22,192.168.1.26,192.168.1.28
30;4;2021;16;38;1;3903780;2074672;53;5;192.168.1.20,192.168.1.21,192.168.1.22,192.168.1.26,192.168.1.28
30;4;2021;16;39;1;3903780;2077940;53;6;192.168.1.20,192.168.1.21,192.168.1.22,192.168.1.24,192.168.1.26,192.168.1.28
30;4;2021;16;40;1;3903780;2078988;53;5;192.168.1.20,192.168.1.22,192.168.1.24,192.168.1.26,192.168.1.28
30;4;2021;16;41;1;3903780;2080020;53;5;192.168.1.20,192.168.1.22,192.168.1.24,192.168.1.26,192.168.1.28
30;4;2021;16;42;1;3903780;2077408;53;5;192.168.1.20,192.168.1.22,192.168.1.24,192.168.1.26,192.168.1.28
30;4;2021;16;43;1;3903780;2078572;53;3;192.168.1.20,192.168.1.22,192.168.1.26
30;4;2021;16;44;1;3903780;2082692;53;3;192.168.1.23,192.168.1.24,192.168.1.26
30;4;2021;16;45;1;3903780;2082948;53;4;192.168.1.20,192.168.1.21,192.168.1.24,192.168.1.26
30;4;2021;16;46;1;3903780;2083516;53;4;192.168.1.24,192.168.1.26,192.168.1.27,192.168.1.28
30;4;2021;16;47;1;3903780;2082872;53;7;192.168.1.20,192.168.1.21,192.168.1.22,192.168.1.24,192.168.1.26,192.168.1.27,192.168.1.28
30;4;2021;16;48;1;3903780;2082236;53;1;192.168.1.26
30;4;2021;16;49;1;3903780;2079992;53;1;192.168.1.26
30;4;2021;16;50;1;3903780;2078884;53;2;192.168.1.26,192.168.1.27
30;4;2021;16;51;1;3903780;2077668;53;2;192.168.1.26,192.168.1.27
30;4;2021;16;52;1;3903780;2077960;53;6;192.168.1.20,192.168.1.21,192.168.1.22,192.168.1.24,192.168.1.26,192.168.1.27
30;4;2021;16;53;1;3903780;2073512;53;4;192.168.1.22,192.168.1.24,192.168.1.26,192.168.1.27
30;4;2021;16;54;1;3903780;2076572;53;1;192.168.1.26
30;4;2021;16;55;1;3903780;2077344;53;1;192.168.1.26
30;4;2021;16;56;1;3903780;2075364;53;1;192.168.1.26
30;4;2021;16;57;1;3903780;2075396;53;1;192.168.1.26
30;4;2021;16;58;1;3903780;2076432;53;1;192.168.1.26
30;4;2021;16;59;1;3903780;2079184;53;1;192.168.1.26
30;4;2021;17;0;1;3903780;2081040;53;1;192.168.1.26
30;4;2021;17;1;1;3903780;2084472;53;1;192.168.1.26
30;4;2021;17;2;1;3903780;2084512;53;1;192.168.1.26
30;4;2021;17;3;1;3903780;2083824;53;1;192.168.1.26
30;4;2021;17;4;1;3903780;2088168;53;1;192.168.1.26
30;4;2021;17;5;1;3903780;2088376;53;1;192.168.1.26
30;4;2021;17;6;1;3903780;2089600;53;1;192.168.1.26
30;4;2021;17;7;1;3903780;2088756;53;1;192.168.1.26
30;4;2021;17;8;1;3903780;2090436;53;1;192.168.1.26
30;4;2021;17;9;1;3903780;2094336;53;1;192.168.1.26
30;4;2021;17;10;1;3903780;2095780;53;1;192.168.1.26
30;4;2021;17;11;1;3903780;2095708;53;1;192.168.1.26
30;4;2021;17;12;1;3903780;2094480;53;1;192.168.1.26
30;4;2021;17;13;1;3903780;2090824;53;1;192.168.1.26
30;4;2021;17;14;1;3903780;2094492;53;1;192.168.1.26
30;4;2021;17;15;1;3903780;2094208;53;1;192.168.1.26
30;4;2021;17;16;1;3903780;2090212;53;2;192.168.1.26,192.168.1.30
30;4;2021;17;17;1;3903780;2090760;53;6;192.168.1.20,192.168.1.21,192.168.1.22,192.168.1.24,192.168.1.26,192.168.1.27
30;4;2021;17;18;1;3903780;2089908;53;1;192.168.1.26
30;4;2021;17;19;1;3903780;2094476;53;5;192.168.1.20,192.168.1.21,192.168.1.24,192.168.1.26,192.168.1.28
30;4;2021;17;20;1;3903780;2096392;53;6;192.168.1.20,192.168.1.21,192.168.1.24,192.168.1.26,192.168.1.27,192.168.1.28
30;4;2021;17;21;1;3903780;2096320;53;6;192.168.1.20,192.168.1.21,192.168.1.24,192.168.1.26,192.168.1.27,192.168.1.28
30;4;2021;17;22;1;3903780;2096892;53;1;192.168.1.26
30;4;2021;17;23;1;3903780;2097164;53;1;192.168.1.26
30;4;2021;17;24;1;3903780;2084340;53;7;192.168.1.20,192.168.1.21,192.168.1.24,192.168.1.26,192.168.1.27,192.168.1.28,192.168.1.30
30;4;2021;17;25;1;3903780;2002552;51;1;192.168.1.26
30;4;2021;17;26;1;3903780;1997416;51;1;192.168.1.26
30;4;2021;17;27;1;3903780;1998304;51;1;192.168.1.26
30;4;2021;17;28;1;3903780;1998040;51;1;192.168.1.26
30;4;2021;17;29;1;3903780;2001720;51;6;192.168.1.20,192.168.1.21,192.168.1.24,192.168.1.26,192.168.1.27,192.168.1.30
30;4;2021;17;30;1;3903780;2002784;51;6;192.168.1.20,192.168.1.21,192.168.1.24,192.168.1.26,192.168.1.27,192.168.1.30
30;4;2021;17;31;1;3903780;2003428;51;1;192.168.1.26
30;4;2021;17;32;1;3903780;2004372;51;1;192.168.1.26
30;4;2021;17;33;1;3903780;2000776;51;3;192.168.1.20,192.168.1.21,192.168.1.26
30;4;2021;17;34;1;3903780;2003680;51;4;192.168.1.24,192.168.1.26,192.168.1.27,192.168.1.30
30;4;2021;17;35;1;3903780;2005228;51;6;192.168.1.20,192.168.1.21,192.168.1.24,192.168.1.26,192.168.1.27,192.168.1.30
30;4;2021;17;36;1;3903780;2004768;51;3;192.168.1.20,192.168.1.21,192.168.1.26
30;4;2021;17;37;1;3903780;2005304;51;4;192.168.1.24,192.168.1.26,192.168.1.27,192.168.1.30
30;4;2021;17;38;1;3903780;2004900;51;6;192.168.1.20,192.168.1.21,192.168.1.24,192.168.1.26,192.168.1.27,192.168.1.30
30;4;2021;17;39;1;3903780;2010716;51;1;192.168.1.26
30;4;2021;17;40;1;3903780;2011916;51;7;192.168.1.20,192.168.1.21,192.168.1.24,192.168.1.26,192.168.1.27,192.168.1.28,192.168.1.30
30;4;2021;17;41;1;3903780;2014408;51;7;192.168.1.20,192.168.1.21,192.168.1.24,192.168.1.26,192.168.1.27,192.168.1.28,192.168.1.30
30;4;2021;17;42;1;3903780;2015104;51;7;192.168.1.20,192.168.1.21,192.168.1.24,192.168.1.26,192.168.1.27,192.168.1.28,192.168.1.30
30;4;2021;17;43;1;3903780;2015284;51;7;192.168.1.20,192.168.1.21,192.168.1.24,192.168.1.26,192.168.1.27,192.168.1.28,192.168.1.30
30;4;2021;17;44;1;3903780;2017748;51;7;192.168.1.20,192.168.1.21,192.168.1.24,192.168.1.26,192.168.1.27,192.168.1.28,192.168.1.30
30;4;2021;17;45;1;3903780;2020760;51;7;192.168.1.20,192.168.1.21,192.168.1.24,192.168.1.26,192.168.1.27,192.168.1.28,192.168.1.30
30;4;2021;17;46;1;3903780;2026824;51;7;192.168.1.20,192.168.1.21,192.168.1.24,192.168.1.26,192.168.1.27,192.168.1.28,192.168.1.30
30;4;2021;17;47;1;3903780;2027516;51;1;192.168.1.26
30;4;2021;17;48;1;3903780;2080464;53;6;192.168.1.20,192.168.1.21,192.168.1.24,192.168.1.26,192.168.1.27,192.168.1.30
30;4;2021;17;49;1;3903780;2104892;53;5;192.168.1.20,192.168.1.21,192.168.1.24,192.168.1.26,192.168.1.30
30;4;2021;17;50;1;3903780;2189664;56;1;192.168.1.26
30;4;2021;17;51;1;3903780;2148300;55;1;192.168.1.26
30;4;2021;17;52;1;3903780;2182864;55;1;192.168.1.26
30;4;2021;17;53;1;3903780;2168660;55;1;192.168.1.26
30;4;2021;17;54;1;3903780;2165928;55;1;192.168.1.26
30;4;2021;17;55;1;3903780;2218704;56;5;192.168.1.20,192.168.1.21,192.168.1.24,192.168.1.26,192.168.1.27
30;4;2021;17;56;1;3903780;2139440;54;5;192.168.1.20,192.168.1.21,192.168.1.24,192.168.1.26,192.168.1.27
30;4;2021;17;57;1;3903780;2340004;59;5;192.168.1.20,192.168.1.21,192.168.1.24,192.168.1.26,192.168.1.27
30;4;2021;17;58;1;3903780;2306944;59;5;192.168.1.20,192.168.1.21,192.168.1.24,192.168.1.26,192.168.1.27
30;4;2021;17;59;1;3903780;2343688;60;5;192.168.1.20,192.168.1.21,192.168.1.24,192.168.1.26,192.168.1.27
30;4;2021;18;0;1;3903780;2390820;61;5;192.168.1.20,192.168.1.21,192.168.1.24,192.168.1.26,192.168.1.27
30;4;2021;18;1;1;3903780;2362916;60;5;192.168.1.20,192.168.1.21,192.168.1.24,192.168.1.26,192.168.1.27
30;4;2021;18;2;1;3903780;2359196;60;2;192.168.1.26,192.168.1.27
30;4;2021;18;3;1;3903780;2437952;62;2;192.168.1.26,192.168.1.27
30;4;2021;18;4;1;3903780;2380304;60;4;192.168.1.20,192.168.1.21,192.168.1.26,192.168.1.28
30;4;2021;18;5;1;3903780;2412364;61;4;192.168.1.20,192.168.1.26,192.168.1.27,192.168.1.28
30;4;2021;18;6;1;3903780;2414140;61;4;192.168.1.20,192.168.1.26,192.168.1.27,192.168.1.28
30;4;2021;18;7;1;3903780;2453324;62;5;192.168.1.20,192.168.1.21,192.168.1.26,192.168.1.27,192.168.1.28
30;4;2021;18;8;1;3903780;2452696;62;6;192.168.1.20,192.168.1.21,192.168.1.24,192.168.1.26,192.168.1.27,192.168.1.28
30;4;2021;18;9;1;3903780;2462532;63;6;192.168.1.20,192.168.1.21,192.168.1.24,192.168.1.26,192.168.1.27,192.168.1.28
30;4;2021;18;10;1;3903780;2380016;60;2;192.168.1.20,192.168.1.26
30;4;2021;18;11;1;3903780;2377704;60;6;192.168.1.20,192.168.1.21,192.168.1.24,192.168.1.26,192.168.1.27,192.168.1.30
30;4;2021;18;12;1;3903780;2411704;61;1;192.168.1.26
30;4;2021;18;13;1;3903780;2441952;62;1;192.168.1.26
30;4;2021;18;14;1;3903780;2483552;63;3;192.168.1.20,192.168.1.21,192.168.1.26
30;4;2021;18;15;1;3903780;2439344;62;5;192.168.1.24,192.168.1.26,192.168.1.27,192.168.1.28,192.168.1.30
30;4;2021;18;16;1;3903780;2438060;62;5;192.168.1.20,192.168.1.24,192.168.1.26,192.168.1.27,192.168.1.30
30;4;2021;18;17;1;3903780;2476216;63;5;192.168.1.20,192.168.1.24,192.168.1.26,192.168.1.27,192.168.1.30
30;4;2021;18;18;1;3903780;2584496;66;3;192.168.1.20,192.168.1.26,192.168.1.30
30;4;2021;18;19;1;3903780;2561020;65;1;192.168.1.26
30;4;2021;18;20;1;3903780;2115100;54;1;192.168.1.26
30;4;2021;18;21;1;3903780;1982740;50;1;192.168.1.26
30;4;2021;18;22;1;3903780;1986652;50;5;192.168.1.20,192.168.1.24,192.168.1.26,192.168.1.27,192.168.1.30
30;4;2021;18;23;1;3903780;2038892;52;1;192.168.1.26
30;4;2021;18;24;1;3903780;2081200;53;2;192.168.1.20,192.168.1.26
30;4;2021;18;25;1;3903780;2070608;53;1;192.168.1.26
30;4;2021;18;26;1;3903780;2030164;52;1;192.168.1.26
30;4;2021;18;27;1;3903780;2045116;52;1;192.168.1.26
30;4;2021;18;28;1;3903780;2023164;51;1;192.168.1.26
30;4;2021;18;29;1;3903780;2073372;53;6;192.168.1.20,192.168.1.21,192.168.1.24,192.168.1.26,192.168.1.27,192.168.1.30
30;4;2021;18;30;1;3903780;2042332;52;3;192.168.1.20,192.168.1.26,192.168.1.30
30;4;2021;18;31;1;3903780;2043376;52;5;192.168.1.20,192.168.1.24,192.168.1.26,192.168.1.27,192.168.1.30
30;4;2021;18;32;1;3903780;2045100;52;6;192.168.1.20,192.168.1.21,192.168.1.24,192.168.1.26,192.168.1.27,192.168.1.30
30;4;2021;18;33;1;3903780;2038156;52;6;192.168.1.20,192.168.1.21,192.168.1.24,192.168.1.26,192.168.1.27,192.168.1.30
30;4;2021;18;34;1;3903780;1919232;49;5;192.168.1.20,192.168.1.24,192.168.1.26,192.168.1.27,192.168.1.30
30;4;2021;18;35;1;3903780;1917380;49;5;192.168.1.20,192.168.1.24,192.168.1.26,192.168.1.27,192.168.1.30
30;4;2021;18;36;1;3903780;1916364;49;4;192.168.1.20,192.168.1.24,192.168.1.26,192.168.1.30
30;4;2021;18;37;1;3903780;1912372;48;4;192.168.1.24,192.168.1.26,192.168.1.27,192.168.1.30
30;4;2021;18;38;1;3903780;1912704;48;1;192.168.1.26
30;4;2021;18;39;1;3903780;1917720;49;1;192.168.1.26
30;4;2021;18;40;1;3903780;1923496;49;5;192.168.1.20,192.168.1.24,192.168.1.26,192.168.1.27,192.168.1.30
30;4;2021;18;41;1;3903780;1972468;50;1;192.168.1.26
30;4;2021;18;42;1;3903780;2024288;51;2;192.168.1.26,192.168.1.30
30;4;2021;18;43;1;3903780;2006348;51;2;192.168.1.20,192.168.1.26
30;4;2021;18;44;1;3903780;2072612;53;5;192.168.1.20,192.168.1.24,192.168.1.26,192.168.1.27,192.168.1.30
30;4;2021;18;45;1;3903780;2049560;52;5;192.168.1.20,192.168.1.24,192.168.1.26,192.168.1.27,192.168.1.30
30;4;2021;18;46;1;3903780;2055832;52;5;192.168.1.20,192.168.1.24,192.168.1.26,192.168.1.27,192.168.1.30
30;4;2021;18;47;1;3903780;2081892;53;4;192.168.1.24,192.168.1.26,192.168.1.27,192.168.1.30
30;4;2021;18;48;1;3903780;2089524;53;5;192.168.1.20,192.168.1.24,192.168.1.26,192.168.1.27,192.168.1.30
30;4;2021;18;49;1;3903780;2154420;55;4;192.168.1.21,192.168.1.24,192.168.1.26,192.168.1.30
30;4;2021;18;50;1;3903780;2138756;54;5;192.168.1.20,192.168.1.24,192.168.1.26,192.168.1.27,192.168.1.30
30;4;2021;18;51;1;3903780;2076828;53;5;192.168.1.20,192.168.1.24,192.168.1.26,192.168.1.27,192.168.1.30
30;4;2021;18;52;1;3903780;2100792;53;5;192.168.1.20,192.168.1.24,192.168.1.26,192.168.1.27,192.168.1.30
30;4;2021;18;53;1;3903780;2094052;53;3;192.168.1.24,192.168.1.26,192.168.1.27
30;4;2021;18;54;1;3903780;2041888;52;4;192.168.1.20,192.168.1.24,192.168.1.26,192.168.1.27
30;4;2021;18;55;1;3903780;2057260;52;4;192.168.1.20,192.168.1.24,192.168.1.26,192.168.1.27
30;4;2021;18;56;1;3903780;2064968;52;5;192.168.1.20,192.168.1.21,192.168.1.24,192.168.1.26,192.168.1.27
30;4;2021;18;57;1;3903780;2054528;52;5;192.168.1.20,192.168.1.21,192.168.1.24,192.168.1.26,192.168.1.27
30;4;2021;18;58;1;3903780;2051148;52;5;192.168.1.20,192.168.1.21,192.168.1.24,192.168.1.26,192.168.1.27
30;4;2021;18;59;1;3903780;2049944;52;5;192.168.1.20,192.168.1.21,192.168.1.24,192.168.1.26,192.168.1.27
30;4;2021;19;0;1;3903780;2069752;53;5;192.168.1.20,192.168.1.21,192.168.1.24,192.168.1.26,192.168.1.27
30;4;2021;19;1;1;3903780;2034416;52;5;192.168.1.20,192.168.1.21,192.168.1.24,192.168.1.26,192.168.1.27
30;4;2021;19;2;1;3903780;2032064;52;5;192.168.1.20,192.168.1.21,192.168.1.24,192.168.1.26,192.168.1.27
30;4;2021;19;3;1;3903780;2033572;52;5;192.168.1.20,192.168.1.21,192.168.1.24,192.168.1.26,192.168.1.27
30;4;2021;19;4;1;3903780;2037096;52;5;192.168.1.20,192.168.1.21,192.168.1.24,192.168.1.26,192.168.1.27
30;4;2021;19;5;1;3903780;2042512;52;5;192.168.1.20,192.168.1.21,192.168.1.24,192.168.1.26,192.168.1.27
30;4;2021;19;6;1;3903780;2056088;52;5;192.168.1.20,192.168.1.21,192.168.1.24,192.168.1.26,192.168.1.27
30;4;2021;19;7;1;3903780;2055000;52;6;192.168.1.20,192.168.1.21,192.168.1.24,192.168.1.26,192.168.1.27,192.168.1.30
30;4;2021;19;8;1;3903780;2056120;52;6;192.168.1.20,192.168.1.21,192.168.1.24,192.168.1.26,192.168.1.27,192.168.1.30
30;4;2021;19;9;1;3903780;2092964;53;6;192.168.1.20,192.168.1.21,192.168.1.24,192.168.1.26,192.168.1.27,192.168.1.30
30;4;2021;19;10;1;3903780;2097148;53;6;192.168.1.20,192.168.1.21,192.168.1.24,192.168.1.26,192.168.1.27,192.168.1.30
30;4;2021;19;11;1;3903780;2097256;53;5;192.168.1.20,192.168.1.21,192.168.1.24,192.168.1.26,192.168.1.27
30;4;2021;19;12;1;3903780;2095676;53;5;192.168.1.20,192.168.1.21,192.168.1.24,192.168.1.26,192.168.1.27
30;4;2021;19;13;1;3903780;2095660;53;2;192.168.1.26,192.168.1.27
30;4;2021;19;14;1;3903780;2098828;53;6;192.168.1.20,192.168.1.21,192.168.1.22,192.168.1.24,192.168.1.26,192.168.1.27
30;4;2021;19;15;1;3903780;2100880;53;5;192.168.1.20,192.168.1.22,192.168.1.24,192.168.1.26,192.168.1.27
30;4;2021;19;16;1;3903780;2102528;53;6;192.168.1.20,192.168.1.21,192.168.1.22,192.168.1.24,192.168.1.26,192.168.1.27
30;4;2021;19;17;1;3903780;2104788;53;6;192.168.1.20,192.168.1.21,192.168.1.22,192.168.1.24,192.168.1.26,192.168.1.27
30;4;2021;19;18;1;3903780;2103960;53;6;192.168.1.20,192.168.1.21,192.168.1.22,192.168.1.24,192.168.1.26,192.168.1.27
30;4;2021;19;19;1;3903780;2106680;53;6;192.168.1.20,192.168.1.21,192.168.1.22,192.168.1.24,192.168.1.26,192.168.1.27
30;4;2021;19;20;1;3903780;2107000;53;5;192.168.1.21,192.168.1.22,192.168.1.24,192.168.1.26,192.168.1.27
30;4;2021;19;21;1;3903780;2112980;54;6;192.168.1.20,192.168.1.21,192.168.1.22,192.168.1.24,192.168.1.26,192.168.1.27
30;4;2021;19;22;1;3903780;2113340;54;5;192.168.1.20,192.168.1.21,192.168.1.24,192.168.1.26,192.168.1.27
30;4;2021;19;23;1;3903780;2113992;54;6;192.168.1.20,192.168.1.21,192.168.1.22,192.168.1.24,192.168.1.26,192.168.1.27
30;4;2021;19;24;1;3903780;2114972;54;6;192.168.1.20,192.168.1.21,192.168.1.22,192.168.1.24,192.168.1.26,192.168.1.27
30;4;2021;19;25;1;3903780;2116528;54;6;192.168.1.20,192.168.1.21,192.168.1.22,192.168.1.24,192.168.1.26,192.168.1.27
30;4;2021;19;26;1;3903780;2114832;54;6;192.168.1.20,192.168.1.21,192.168.1.22,192.168.1.24,192.168.1.26,192.168.1.27
30;4;2021;19;27;1;3903780;2117032;54;6;192.168.1.20,192.168.1.21,192.168.1.22,192.168.1.24,192.168.1.26,192.168.1.27
30;4;2021;19;28;1;3903780;2114248;54;5;192.168.1.20,192.168.1.21,192.168.1.24,192.168.1.26,192.168.1.27
30;4;2021;19;29;1;3903780;2117928;54;5;192.168.1.20,192.168.1.21,192.168.1.24,192.168.1.26,192.168.1.27
30;4;2021;19;30;1;3903780;2117992;54;5;192.168.1.20,192.168.1.21,192.168.1.24,192.168.1.26,192.168.1.27
30;4;2021;19;31;1;3903780;2192604;56;5;192.168.1.20,192.168.1.21,192.168.1.24,192.168.1.26,192.168.1.27
30;4;2021;19;32;1;3903780;2193860;56;5;192.168.1.20,192.168.1.21,192.168.1.24,192.168.1.26,192.168.1.27
30;4;2021;19;33;1;3903780;2197588;56;5;192.168.1.20,192.168.1.21,192.168.1.24,192.168.1.26,192.168.1.27
30;4;2021;19;34;1;3903780;2300284;58;4;192.168.1.20,192.168.1.21,192.168.1.26,192.168.1.27
30;4;2021;19;35;1;3903780;2201856;56;5;192.168.1.20,192.168.1.21,192.168.1.24,192.168.1.26,192.168.1.27
30;4;2021;19;36;1;3903780;2289528;58;5;192.168.1.20,192.168.1.21,192.168.1.24,192.168.1.26,192.168.1.27
30;4;2021;19;37;1;3903780;2381660;61;5;192.168.1.20,192.168.1.21,192.168.1.24,192.168.1.26,192.168.1.27
30;4;2021;19;38;1;3903780;2369320;60;5;192.168.1.20,192.168.1.21,192.168.1.24,192.168.1.26,192.168.1.27
30;4;2021;19;39;1;3903780;2407740;61;5;192.168.1.20,192.168.1.21,192.168.1.24,192.168.1.26,192.168.1.27
30;4;2021;19;40;1;3903780;2360508;60;5;192.168.1.20,192.168.1.21,192.168.1.24,192.168.1.26,192.168.1.27
30;4;2021;19;41;1;3903780;2361076;60;5;192.168.1.20,192.168.1.21,192.168.1.24,192.168.1.26,192.168.1.27
30;4;2021;19;42;1;3903780;2359256;60;2;192.168.1.20,192.168.1.26
30;4;2021;19;43;1;3903780;2384444;61;6;192.168.1.20,192.168.1.21,192.168.1.24,192.168.1.26,192.168.1.27,192.168.1.30
30;4;2021;19;44;1;3903780;2362996;60;1;192.168.1.26
30;4;2021;19;45;1;3903780;2262084;57;6;192.168.1.20,192.168.1.21,192.168.1.24,192.168.1.26,192.168.1.27,192.168.1.30
30;4;2021;19;46;1;3903780;2263856;57;6;192.168.1.20,192.168.1.21,192.168.1.24,192.168.1.26,192.168.1.27,192.168.1.30
30;4;2021;19;47;1;3903780;2249248;57;3;192.168.1.20,192.168.1.21,192.168.1.26
30;4;2021;19;48;1;3903780;2250484;57;6;192.168.1.20,192.168.1.21,192.168.1.24,192.168.1.26,192.168.1.27,192.168.1.30
30;4;2021;19;49;1;3903780;2260184;57;7;192.168.1.20,192.168.1.21,192.168.1.23,192.168.1.24,192.168.1.26,192.168.1.27,192.168.1.30
30;4;2021;19;50;1;3903780;2262372;57;7;192.168.1.20,192.168.1.21,192.168.1.23,192.168.1.24,192.168.1.26,192.168.1.27,192.168.1.30
30;4;2021;19;51;1;3903780;2264624;58;7;192.168.1.20,192.168.1.21,192.168.1.23,192.168.1.24,192.168.1.26,192.168.1.27,192.168.1.30
30;4;2021;19;52;1;3903780;2265904;58;7;192.168.1.20,192.168.1.21,192.168.1.23,192.168.1.24,192.168.1.26,192.168.1.27,192.168.1.30
30;4;2021;19;53;1;3903780;2266460;58;1;192.168.1.26
30;4;2021;19;54;1;3903780;2273220;58;7;192.168.1.20,192.168.1.21,192.168.1.23,192.168.1.24,192.168.1.26,192.168.1.27,192.168.1.30
30;4;2021;19;55;1;3903780;2275936;58;7;192.168.1.20,192.168.1.21,192.168.1.23,192.168.1.24,192.168.1.26,192.168.1.27,192.168.1.30
30;4;2021;19;56;1;3903780;2271768;58;7;192.168.1.20,192.168.1.21,192.168.1.23,192.168.1.24,192.168.1.26,192.168.1.27,192.168.1.30
30;4;2021;19;57;1;3903780;2272568;58;6;192.168.1.20,192.168.1.21,192.168.1.24,192.168.1.26,192.168.1.27,192.168.1.30
30;4;2021;19;58;1;3903780;2306540;59;5;192.168.1.21,192.168.1.23,192.168.1.24,192.168.1.26,192.168.1.27
30;4;2021;19;59;1;3903780;2316688;59;7;192.168.1.20,192.168.1.21,192.168.1.23,192.168.1.24,192.168.1.26,192.168.1.27,192.168.1.30
30;4;2021;20;0;1;3903780;2317456;59;6;192.168.1.20,192.168.1.21,192.168.1.23,192.168.1.24,192.168.1.26,192.168.1.27
30;4;2021;20;1;1;3903780;2321828;59;6;192.168.1.21,192.168.1.23,192.168.1.24,192.168.1.26,192.168.1.27,192.168.1.30
30;4;2021;20;2;1;3903780;2320480;59;7;192.168.1.20,192.168.1.21,192.168.1.23,192.168.1.24,192.168.1.26,192.168.1.27,192.168.1.30
30;4;2021;20;3;1;3903780;2324108;59;6;192.168.1.20,192.168.1.21,192.168.1.23,192.168.1.24,192.168.1.26,192.168.1.27
30;4;2021;20;4;1;3903780;2332384;59;7;192.168.1.20,192.168.1.21,192.168.1.23,192.168.1.24,192.168.1.26,192.168.1.27,192.168.1.30
